prediction,reasoning,raw_response,model,temperature,attempt,tokens_used,index,claim,true_label
1.0,"Claim: Has Rep. Joe Kennedy Received $348,000 in Donations from the Pharmaceutical Industry?

Step-by-step analysis:

1. **Key Financial Concepts and Entities:**  
   - The claim concerns political donations (campaign contributions) from the pharmaceutical industry to Rep. Joe Kennedy (Joseph P. Kennedy III, former U.S. Representative from Massachusetts).
   - The pharmaceutical industry includes companies, PACs, and individuals associated with drug manufacturing and distribution.

2. **Factual Accuracy of Numbers:**  
   - The specific figure cited is $348,000.
   - According to OpenSecrets.org (Center for Responsive Politics), which tracks campaign contributions, Joe Kennedy III received significant donations from the pharmaceutical and health products industry during his time in Congress and during his 2020 Senate campaign.
   - As of 2020, OpenSecrets reported that Kennedy had received approximately $386,000 from the pharmaceutical and health products industry over his congressional career. This includes both direct contributions and those from PACs and individuals associated with the industry.
   - The $348,000 figure is close to, but slightly less than, the total reported by OpenSecrets as of 2020. It is possible that the $348,000 figure was accurate at an earlier reporting date or is a rounded estimate.

3. **Evaluation Against Financial Knowledge:**  
   - It is common for members of Congress, especially those on health-related committees, to receive donations from the pharmaceutical industry.
   - The numbers cited are within the typical range for high-profile members of Congress.

4. **Logical Consistency:**  
   - The claim does not specify a time frame, which is important. Over his entire congressional career, the number is plausible.
   - There is no indication of misleading implications, as the claim is about total donations, not a single year or campaign.

5. **Final Determination:**  
   - Based on available data, the claim that Rep. Joe Kennedy received $348,000 in donations from the pharmaceutical industry is **generally accurate**, though the most recent total may be slightly higher. The figure is within the correct range and is supported by reputable sources.

**Based on this analysis, my determination is: True.**","Claim: Has Rep. Joe Kennedy Received $348,000 in Donations from the Pharmaceutical Industry?

Step-by-step analysis:

1. **Key Financial Concepts and Entities:**  
   - The claim concerns political donations (campaign contributions) from the pharmaceutical industry to Rep. Joe Kennedy (Joseph P. Kennedy III, former U.S. Representative from Massachusetts).
   - The pharmaceutical industry includes companies, PACs, and individuals associated with drug manufacturing and distribution.

2. **Factual Accuracy of Numbers:**  
   - The specific figure cited is $348,000.
   - According to OpenSecrets.org (Center for Responsive Politics), which tracks campaign contributions, Joe Kennedy III received significant donations from the pharmaceutical and health products industry during his time in Congress and during his 2020 Senate campaign.
   - As of 2020, OpenSecrets reported that Kennedy had received approximately $386,000 from the pharmaceutical and health products industry over his congressional career. This includes both direct contributions and those from PACs and individuals associated with the industry.
   - The $348,000 figure is close to, but slightly less than, the total reported by OpenSecrets as of 2020. It is possible that the $348,000 figure was accurate at an earlier reporting date or is a rounded estimate.

3. **Evaluation Against Financial Knowledge:**  
   - It is common for members of Congress, especially those on health-related committees, to receive donations from the pharmaceutical industry.
   - The numbers cited are within the typical range for high-profile members of Congress.

4. **Logical Consistency:**  
   - The claim does not specify a time frame, which is important. Over his entire congressional career, the number is plausible.
   - There is no indication of misleading implications, as the claim is about total donations, not a single year or campaign.

5. **Final Determination:**  
   - Based on available data, the claim that Rep. Joe Kennedy received $348,000 in donations from the pharmaceutical industry is **generally accurate**, though the most recent total may be slightly higher. The figure is within the correct range and is supported by reputable sources.

**Based on this analysis, my determination is: True.**",gpt-4.1,0.0,2,629,0,"Has Rep. Joe Kennedy Received $348,000 in Donations from the Pharmaceutical Industry?",1
0.0,"First, I'll analyze the key financial concepts:  
The claim involves Marlboro (a major cigarette brand owned by Philip Morris International/Altria in the US) and the distribution of free cartons of cigarettes via Facebook, a social media platform.

Next, I'll check the factual accuracy:  
There have been recurring rumors and scams online claiming that Marlboro is giving away free cartons of cigarettes through Facebook promotions or links. However, there is no credible evidence or official announcement from Marlboro or its parent companies supporting such giveaways. Additionally, tobacco advertising and promotional giveaways are heavily regulated or outright banned in many countries, including the United States.

Then, I'll evaluate against financial knowledge:  
Major tobacco companies are subject to strict regulations regarding advertising and promotional activities, especially on platforms accessible to minors. Distributing free cartons of cigarettes via Facebook would likely violate multiple laws and company policies. Furthermore, such promotions would be financially and reputationally risky for Marlboro.

Finally, checking for logical consistency:  
It is highly unlikely that a reputable, regulated company would use Facebook to distribute free cartons of cigarettes, given legal restrictions and the risk of scams.

Based on this analysis, my determination is: False","First, I'll analyze the key financial concepts:  
The claim involves Marlboro (a major cigarette brand owned by Philip Morris International/Altria in the US) and the distribution of free cartons of cigarettes via Facebook, a social media platform.

Next, I'll check the factual accuracy:  
There have been recurring rumors and scams online claiming that Marlboro is giving away free cartons of cigarettes through Facebook promotions or links. However, there is no credible evidence or official announcement from Marlboro or its parent companies supporting such giveaways. Additionally, tobacco advertising and promotional giveaways are heavily regulated or outright banned in many countries, including the United States.

Then, I'll evaluate against financial knowledge:  
Major tobacco companies are subject to strict regulations regarding advertising and promotional activities, especially on platforms accessible to minors. Distributing free cartons of cigarettes via Facebook would likely violate multiple laws and company policies. Furthermore, such promotions would be financially and reputationally risky for Marlboro.

Finally, checking for logical consistency:  
It is highly unlikely that a reputable, regulated company would use Facebook to distribute free cartons of cigarettes, given legal restrictions and the risk of scams.

Based on this analysis, my determination is: False",gpt-4.1,0.0,2,416,1,"""Is Marlboro distributing free cartons of cigarettes on Facebook?""",0
0.0,"It appears that the claim provided—""Did a Mother Deer Sacrifice Herself to Cheetahs to Save Her Fawns?""—is not a financial claim. It is a question about animal behavior, not about financial concepts, markets, regulations, or economic principles.

Step-by-step analysis:

1. Key financial concepts and entities: None are present. The claim is about animal behavior (a mother deer, cheetahs, and fawns).
2. Factual accuracy of numbers, dates, or policies: Not applicable; no financial data or policy is mentioned.
3. Evaluation against financial knowledge: Not applicable; this is not a financial topic.
4. Logical inconsistencies or misleading implications: The claim is outside the scope of finance.
5. Final determination: The claim is not a financial claim and cannot be evaluated for financial truth or falsehood.

Based on this analysis, my determination is: Not Applicable (the claim is not financial in nature).","It appears that the claim provided—""Did a Mother Deer Sacrifice Herself to Cheetahs to Save Her Fawns?""—is not a financial claim. It is a question about animal behavior, not about financial concepts, markets, regulations, or economic principles.

Step-by-step analysis:

1. Key financial concepts and entities: None are present. The claim is about animal behavior (a mother deer, cheetahs, and fawns).
2. Factual accuracy of numbers, dates, or policies: Not applicable; no financial data or policy is mentioned.
3. Evaluation against financial knowledge: Not applicable; this is not a financial topic.
4. Logical inconsistencies or misleading implications: The claim is outside the scope of finance.
5. Final determination: The claim is not a financial claim and cannot be evaluated for financial truth or falsehood.

Based on this analysis, my determination is: Not Applicable (the claim is not financial in nature).",gpt-4.1,0.0,2,379,2,Did a Mother Deer Sacrifice Herself to Cheetahs to Save Her Fawns?,0
1.0,"Claim: Clinton said great things about NAFTA until she started running for president.

Analysis: Let me think step-by-step.

First, I'll analyze the key financial concepts:  
- The claim involves NAFTA (North American Free Trade Agreement), a major trade agreement between the US, Canada, and Mexico, implemented in 1994.
- The claim references Hillary Clinton and her public statements about NAFTA, particularly in relation to her presidential campaigns.

Next, I'll check the factual accuracy:  
- As First Lady in the 1990s, Hillary Clinton made some positive remarks about NAFTA, though she was not a primary architect of the deal.
- In her 2000 Senate campaign, she expressed some support for NAFTA but also noted concerns about its impact.
- By the time of her 2008 presidential campaign, Clinton was more critical of NAFTA, calling for its renegotiation and stating it had not lived up to its promises.
- This shift in tone is documented in public records and media reports.

Then, I'll evaluate against financial knowledge:  
- Politicians often adjust their positions on trade agreements like NAFTA in response to changing political climates and constituent concerns.
- NAFTA has been a contentious issue, especially among labor groups and in states affected by manufacturing job losses.

Finally, checking for logical consistency:  
- The claim suggests a change in Clinton's public stance on NAFTA coinciding with her presidential run, which aligns with the documented shift in her rhetoric.

Based on this analysis, my determination is: True","Claim: Clinton said great things about NAFTA until she started running for president.

Analysis: Let me think step-by-step.

First, I'll analyze the key financial concepts:  
- The claim involves NAFTA (North American Free Trade Agreement), a major trade agreement between the US, Canada, and Mexico, implemented in 1994.
- The claim references Hillary Clinton and her public statements about NAFTA, particularly in relation to her presidential campaigns.

Next, I'll check the factual accuracy:  
- As First Lady in the 1990s, Hillary Clinton made some positive remarks about NAFTA, though she was not a primary architect of the deal.
- In her 2000 Senate campaign, she expressed some support for NAFTA but also noted concerns about its impact.
- By the time of her 2008 presidential campaign, Clinton was more critical of NAFTA, calling for its renegotiation and stating it had not lived up to its promises.
- This shift in tone is documented in public records and media reports.

Then, I'll evaluate against financial knowledge:  
- Politicians often adjust their positions on trade agreements like NAFTA in response to changing political climates and constituent concerns.
- NAFTA has been a contentious issue, especially among labor groups and in states affected by manufacturing job losses.

Finally, checking for logical consistency:  
- The claim suggests a change in Clinton's public stance on NAFTA coinciding with her presidential run, which aligns with the documented shift in her rhetoric.

Based on this analysis, my determination is: True",gpt-4.1,0.0,2,491,3,Clinton said great things about NAFTA until she started running for president.,1
1.0,"First, I'll analyze the key financial concepts:  
The claim involves a vote by Sandy Pasch, a state legislator, to cut school aid by nearly $300 million. The key concepts are ""school aid,"" ""budget cuts,"" and the specific amount ($300 million).

Next, I'll check the factual accuracy:  
Sandy Pasch was a member of the Wisconsin State Assembly, not the State Senate. The claim refers to her as a ""state Senate recall challenger,"" which is accurate for the 2011 recall elections, where she ran for State Senate. The $300 million figure likely refers to the 2009-2011 Wisconsin state budget, which included reductions in school aid due to the economic downturn.

Then, I'll evaluate against financial knowledge:  
In 2009, the Wisconsin state budget (2009 Act 28) did include significant cuts to K-12 education funding, estimated at around $284 million over two years. Sandy Pasch, as a Democratic Assembly member, voted in favor of this budget. However, the context is important: the cuts were part of a broader response to the Great Recession and were less severe than what some alternatives proposed.

Finally, checking for logical consistency:  
The claim is technically accurate in that Pasch voted for a budget that included a reduction in school aid of nearly $300 million. However, it may be misleading if it implies she specifically targeted school aid for cuts, rather than voting for a comprehensive budget package during a fiscal crisis.

Based on this analysis, my determination is: **True** (with important context: the vote was for an overall budget package during a recession, not a standalone vote to cut school aid).","First, I'll analyze the key financial concepts:  
The claim involves a vote by Sandy Pasch, a state legislator, to cut school aid by nearly $300 million. The key concepts are ""school aid,"" ""budget cuts,"" and the specific amount ($300 million).

Next, I'll check the factual accuracy:  
Sandy Pasch was a member of the Wisconsin State Assembly, not the State Senate. The claim refers to her as a ""state Senate recall challenger,"" which is accurate for the 2011 recall elections, where she ran for State Senate. The $300 million figure likely refers to the 2009-2011 Wisconsin state budget, which included reductions in school aid due to the economic downturn.

Then, I'll evaluate against financial knowledge:  
In 2009, the Wisconsin state budget (2009 Act 28) did include significant cuts to K-12 education funding, estimated at around $284 million over two years. Sandy Pasch, as a Democratic Assembly member, voted in favor of this budget. However, the context is important: the cuts were part of a broader response to the Great Recession and were less severe than what some alternatives proposed.

Finally, checking for logical consistency:  
The claim is technically accurate in that Pasch voted for a budget that included a reduction in school aid of nearly $300 million. However, it may be misleading if it implies she specifically targeted school aid for cuts, rather than voting for a comprehensive budget package during a fiscal crisis.

Based on this analysis, my determination is: **True** (with important context: the vote was for an overall budget package during a recession, not a standalone vote to cut school aid).",gpt-4.1,0.0,2,527,4,Says state Senate recall challenger Sandy Pasch voted to cut school aid by nearly $300 million.,1
0.0,"Let’s proceed step-by-step:

**1. Key Financial Concepts and Entities:**
- The claim concerns Oregon’s “all-funds budget,” which includes all state spending (general fund, federal funds, other funds).
- The comparison is between actual budget growth and hypothetical growth limited to “population growth plus inflation”—a common benchmark for sustainable government spending.

**2. Factual Accuracy of Numbers, Dates, Policies:**
- The claim says Oregon’s all-funds budget is about $60 billion “today” (as of the 2023-25 biennium, the all-funds budget is approximately $60 billion).
- The claim says that if growth had been limited to population + inflation, the budget would be about $27 billion.

**3. Evaluation Against Financial Knowledge:**
- Oregon’s all-funds budget has grown significantly over the past two decades, outpacing population growth plus inflation.
- In the early 2000s, Oregon’s all-funds budget was around $30 billion per biennium.
- Population growth in Oregon has averaged about 1% per year; inflation has averaged about 2-3% per year.
- Compounding these rates over 20 years would roughly double the budget, not triple it.
- The actual budget has more than doubled, but not tripled, since the early 2000s.

**4. Logical Consistency:**
- The claim implies that the budget would be less than half its current size if limited to population + inflation. This is a significant difference.
- However, the starting point for the calculation matters: if the base year is a particularly low budget year, the difference could be exaggerated.

**5. Determination:**
- Multiple independent analyses (including from the Oregon Legislative Fiscal Office and policy think tanks) have found that if Oregon’s all-funds budget had grown only at the rate of population plus inflation since the early 2000s, it would be in the $30 billion range, not $27 billion.
- The $27 billion figure is likely an underestimate, but the general point—that the budget is much larger than it would be under population + inflation growth—is accurate.

**Final Determination:**  
**False.**  
The claim exaggerates the difference. While Oregon’s all-funds budget has grown faster than population plus inflation, the budget would be closer to $30-35 billion under that growth rate, not $27 billion. The current budget is about $60 billion","Let’s proceed step-by-step:

**1. Key Financial Concepts and Entities:**
- The claim concerns Oregon’s “all-funds budget,” which includes all state spending (general fund, federal funds, other funds).
- The comparison is between actual budget growth and hypothetical growth limited to “population growth plus inflation”—a common benchmark for sustainable government spending.

**2. Factual Accuracy of Numbers, Dates, Policies:**
- The claim says Oregon’s all-funds budget is about $60 billion “today” (as of the 2023-25 biennium, the all-funds budget is approximately $60 billion).
- The claim says that if growth had been limited to population + inflation, the budget would be about $27 billion.

**3. Evaluation Against Financial Knowledge:**
- Oregon’s all-funds budget has grown significantly over the past two decades, outpacing population growth plus inflation.
- In the early 2000s, Oregon’s all-funds budget was around $30 billion per biennium.
- Population growth in Oregon has averaged about 1% per year; inflation has averaged about 2-3% per year.
- Compounding these rates over 20 years would roughly double the budget, not triple it.
- The actual budget has more than doubled, but not tripled, since the early 2000s.

**4. Logical Consistency:**
- The claim implies that the budget would be less than half its current size if limited to population + inflation. This is a significant difference.
- However, the starting point for the calculation matters: if the base year is a particularly low budget year, the difference could be exaggerated.

**5. Determination:**
- Multiple independent analyses (including from the Oregon Legislative Fiscal Office and policy think tanks) have found that if Oregon’s all-funds budget had grown only at the rate of population plus inflation since the early 2000s, it would be in the $30 billion range, not $27 billion.
- The $27 billion figure is likely an underestimate, but the general point—that the budget is much larger than it would be under population + inflation growth—is accurate.

**Final Determination:**  
**False.**  
The claim exaggerates the difference. While Oregon’s all-funds budget has grown faster than population plus inflation, the budget would be closer to $30-35 billion under that growth rate, not $27 billion. The current budget is about $60 billion",gpt-4.1,0.0,2,708,5,"Says if Oregon had limited its budget growth to the rate of population growth plus the rate of inflation, the states all-funds budget would be about $27 billion today, not $60 billion.",1
0.0,"Let's proceed step-by-step:

1. Analyze the key financial concepts and entities mentioned in the claim:
- The claim mentions ""Samsung,"" a major South Korean multinational conglomerate, primarily known for electronics, semiconductors, and related industries.
- The claim refers to a ""Dog-Skinning Machine,"" which would imply a device for skinning dogs, an activity associated with the fur or meat trade, not with electronics or technology.

2. Consider the factual accuracy of any specific numbers, dates, or policies mentioned:
- The claim does not mention any specific numbers, dates, or policies.

3. Evaluate the claim against your knowledge of financial markets, regulations, and economic principles:
- Samsung is a publicly traded company with global operations and is subject to strict regulations, especially regarding animal welfare and ethical business practices.
- There is no credible evidence or reporting from reputable sources that Samsung has ever produced or marketed a ""dog-skinning machine.""
- Such a product would be highly damaging to Samsung's brand and is inconsistent with its business model.

4. Check for any logical inconsistencies or misleading implications:
- The claim is highly implausible and inconsistent with Samsung's known business activities.
- There is no logical reason for a technology and electronics company to manufacture such a device.

5. Make your final determination:

Based on this analysis, my determination is: False","Let's proceed step-by-step:

1. Analyze the key financial concepts and entities mentioned in the claim:
- The claim mentions ""Samsung,"" a major South Korean multinational conglomerate, primarily known for electronics, semiconductors, and related industries.
- The claim refers to a ""Dog-Skinning Machine,"" which would imply a device for skinning dogs, an activity associated with the fur or meat trade, not with electronics or technology.

2. Consider the factual accuracy of any specific numbers, dates, or policies mentioned:
- The claim does not mention any specific numbers, dates, or policies.

3. Evaluate the claim against your knowledge of financial markets, regulations, and economic principles:
- Samsung is a publicly traded company with global operations and is subject to strict regulations, especially regarding animal welfare and ethical business practices.
- There is no credible evidence or reporting from reputable sources that Samsung has ever produced or marketed a ""dog-skinning machine.""
- Such a product would be highly damaging to Samsung's brand and is inconsistent with its business model.

4. Check for any logical inconsistencies or misleading implications:
- The claim is highly implausible and inconsistent with Samsung's known business activities.
- There is no logical reason for a technology and electronics company to manufacture such a device.

5. Make your final determination:

Based on this analysis, my determination is: False",gpt-4.1,0.0,2,450,6,Samsung's Dog-Skinning Machine,0
0.0,"Claim: Elevate the height of the pie!

Analysis: Let me think step-by-step.

First, I'll analyze the key financial concepts:  
The claim uses the phrase ""elevate the height of the pie."" In financial contexts, ""the pie"" is sometimes used metaphorically to refer to the total wealth, economic output, or resources available (e.g., ""growing the economic pie""). However, ""elevate the height of the pie"" is not a standard financial term or concept.

Next, I'll check the factual accuracy:  
There are no specific numbers, dates, policies, or entities mentioned. The claim is metaphorical and lacks concrete details.

Then, I'll evaluate against financial knowledge:  
In finance and economics, increasing the ""size of the pie"" refers to increasing total wealth or GDP, so everyone can potentially have a larger share. ""Elevating the height"" is not a recognized phrase and does not correspond to any known financial policy or principle.

Finally, checking for logical consistency:  
The claim is vague and metaphorical. It does not make a factual statement that can be verified or falsified in a financial context.

Based on this analysis, my determination is: **False** (the claim does not represent a factual or recognized financial concept).","Claim: Elevate the height of the pie!

Analysis: Let me think step-by-step.

First, I'll analyze the key financial concepts:  
The claim uses the phrase ""elevate the height of the pie."" In financial contexts, ""the pie"" is sometimes used metaphorically to refer to the total wealth, economic output, or resources available (e.g., ""growing the economic pie""). However, ""elevate the height of the pie"" is not a standard financial term or concept.

Next, I'll check the factual accuracy:  
There are no specific numbers, dates, policies, or entities mentioned. The claim is metaphorical and lacks concrete details.

Then, I'll evaluate against financial knowledge:  
In finance and economics, increasing the ""size of the pie"" refers to increasing total wealth or GDP, so everyone can potentially have a larger share. ""Elevating the height"" is not a recognized phrase and does not correspond to any known financial policy or principle.

Finally, checking for logical consistency:  
The claim is vague and metaphorical. It does not make a factual statement that can be verified or falsified in a financial context.

Based on this analysis, my determination is: **False** (the claim does not represent a factual or recognized financial concept).",gpt-4.1,0.0,2,434,7,Elevate the height of the pie!,1
0.0,"Claim: Paul Allen Letter About Mormons

Analysis: Let me think step-by-step.

1. **Analyze the key financial concepts and entities mentioned in the claim:**  
The claim refers to a ""Paul Allen Letter About Mormons."" Paul Allen was the co-founder of Microsoft and a well-known philanthropist and investor. The claim does not mention any specific financial concepts, numbers, or policies, but rather references a letter allegedly written by Paul Allen about Mormons (members of The Church of Jesus Christ of Latter-day Saints).

2. **Consider the factual accuracy of any specific numbers, dates, or policies mentioned:**  
There are no specific financial numbers, dates, or policies mentioned in the claim as stated.

3. **Evaluate the claim against your knowledge of financial markets, regulations, and economic principles:**  
This claim does not pertain to financial markets, regulations, or economic principles. Instead, it appears to reference a viral or chain letter that has circulated online, often attributed to various prominent individuals, including Paul Allen.

4. **Check for any logical inconsistencies or misleading implications:**  
There is no public record or credible evidence that Paul Allen ever wrote a letter specifically about Mormons. Such chain letters are a common form of misinformation, often falsely attributed to celebrities or business leaders to lend them credibility.

5. **Make your final determination:**  
Based on this analysis, my determination is: **False**

**Explanation:**  
There is no evidence that Paul Allen wrote a letter about Mormons. This appears to be a case of internet misinformation or a viral hoax, not a legitimate financial or personal statement from Paul Allen.","Claim: Paul Allen Letter About Mormons

Analysis: Let me think step-by-step.

1. **Analyze the key financial concepts and entities mentioned in the claim:**  
The claim refers to a ""Paul Allen Letter About Mormons."" Paul Allen was the co-founder of Microsoft and a well-known philanthropist and investor. The claim does not mention any specific financial concepts, numbers, or policies, but rather references a letter allegedly written by Paul Allen about Mormons (members of The Church of Jesus Christ of Latter-day Saints).

2. **Consider the factual accuracy of any specific numbers, dates, or policies mentioned:**  
There are no specific financial numbers, dates, or policies mentioned in the claim as stated.

3. **Evaluate the claim against your knowledge of financial markets, regulations, and economic principles:**  
This claim does not pertain to financial markets, regulations, or economic principles. Instead, it appears to reference a viral or chain letter that has circulated online, often attributed to various prominent individuals, including Paul Allen.

4. **Check for any logical inconsistencies or misleading implications:**  
There is no public record or credible evidence that Paul Allen ever wrote a letter specifically about Mormons. Such chain letters are a common form of misinformation, often falsely attributed to celebrities or business leaders to lend them credibility.

5. **Make your final determination:**  
Based on this analysis, my determination is: **False**

**Explanation:**  
There is no evidence that Paul Allen wrote a letter about Mormons. This appears to be a case of internet misinformation or a viral hoax, not a legitimate financial or personal statement from Paul Allen.",gpt-4.1,0.0,2,510,8,Paul Allen Letter About Mormons,0
0.0,"Claim: Halting or suspending salary increases for members of the armed forces.

Analysis: Let me think step-by-step.

1. Key financial concepts and entities:  
The claim refers to salary increases (pay raises) for members of the armed forces (military personnel). This involves federal government compensation policy, military pay scales, and budgetary decisions.

2. Factual accuracy:  
Historically, the pay for U.S. armed forces members is set annually by Congress, often in line with the Employment Cost Index (ECI) or through the National Defense Authorization Act (NDAA). There have been years where pay raises were smaller than the ECI, but outright halting or suspending salary increases is rare and would require legislative or executive action.

3. Evaluation against financial knowledge:  
While there have been proposals or discussions about freezing federal pay (including military pay) during budget negotiations or fiscal crises, actual implementation of a complete halt or suspension of military pay raises is extremely uncommon. The military pay raise is a politically sensitive issue, and Congress has generally approved at least modest increases each year, even during periods of budget austerity.

4. Logical consistency:  
The claim is vague—it does not specify a country, time period, or context. In the U.S., there has not been a recent instance where salary increases for the armed forces were completely halted or suspended. There have been years with below-inflation increases, but not a total freeze or suspension in recent decades.

Based on this analysis, my determination is: **False** (for the United States in recent history, there has not been a complete halt or suspension of salary increases for members of the armed forces).","Claim: Halting or suspending salary increases for members of the armed forces.

Analysis: Let me think step-by-step.

1. Key financial concepts and entities:  
The claim refers to salary increases (pay raises) for members of the armed forces (military personnel). This involves federal government compensation policy, military pay scales, and budgetary decisions.

2. Factual accuracy:  
Historically, the pay for U.S. armed forces members is set annually by Congress, often in line with the Employment Cost Index (ECI) or through the National Defense Authorization Act (NDAA). There have been years where pay raises were smaller than the ECI, but outright halting or suspending salary increases is rare and would require legislative or executive action.

3. Evaluation against financial knowledge:  
While there have been proposals or discussions about freezing federal pay (including military pay) during budget negotiations or fiscal crises, actual implementation of a complete halt or suspension of military pay raises is extremely uncommon. The military pay raise is a politically sensitive issue, and Congress has generally approved at least modest increases each year, even during periods of budget austerity.

4. Logical consistency:  
The claim is vague—it does not specify a country, time period, or context. In the U.S., there has not been a recent instance where salary increases for the armed forces were completely halted or suspended. There have been years with below-inflation increases, but not a total freeze or suspension in recent decades.

Based on this analysis, my determination is: **False** (for the United States in recent history, there has not been a complete halt or suspension of salary increases for members of the armed forces).",gpt-4.1,0.0,2,523,9,Halting or suspending salary increases for members of the armed forces.,0
1.0,"Claim: Airline Ticket Giveaway Scam

Analysis: Let me think step-by-step.

First, I'll analyze the key financial concepts:  
The claim refers to an ""Airline Ticket Giveaway Scam."" This involves the concept of scams or fraudulent schemes, specifically those that claim to offer free airline tickets as a prize or giveaway. The entities involved are airlines (such as Delta, American Airlines, etc.), consumers, and scammers.

Next, I'll check the factual accuracy:  
There have been numerous reports and warnings from airlines, consumer protection agencies, and news outlets about scams involving fake airline ticket giveaways. These scams often circulate on social media, via email, or through text messages, and typically ask users to provide personal information or click on suspicious links.

Then, I'll evaluate against financial knowledge:  
Scams that promise free airline tickets are a well-documented form of phishing or fraud. Legitimate airlines rarely, if ever, give away free tickets without a clear, official promotion, and they do not ask for sensitive information through unofficial channels. The goal of these scams is often to steal personal or financial information or to install malware.

Finally, checking for logical consistency:  
The claim is logically consistent with known scam tactics. The prevalence of such scams has led airlines and authorities to issue public warnings.

Based on this analysis, my determination is: **True**  
Airline ticket giveaway scams are real and have been widely reported. Consumers should be cautious of unsolicited offers for free airline tickets.","Claim: Airline Ticket Giveaway Scam

Analysis: Let me think step-by-step.

First, I'll analyze the key financial concepts:  
The claim refers to an ""Airline Ticket Giveaway Scam."" This involves the concept of scams or fraudulent schemes, specifically those that claim to offer free airline tickets as a prize or giveaway. The entities involved are airlines (such as Delta, American Airlines, etc.), consumers, and scammers.

Next, I'll check the factual accuracy:  
There have been numerous reports and warnings from airlines, consumer protection agencies, and news outlets about scams involving fake airline ticket giveaways. These scams often circulate on social media, via email, or through text messages, and typically ask users to provide personal information or click on suspicious links.

Then, I'll evaluate against financial knowledge:  
Scams that promise free airline tickets are a well-documented form of phishing or fraud. Legitimate airlines rarely, if ever, give away free tickets without a clear, official promotion, and they do not ask for sensitive information through unofficial channels. The goal of these scams is often to steal personal or financial information or to install malware.

Finally, checking for logical consistency:  
The claim is logically consistent with known scam tactics. The prevalence of such scams has led airlines and authorities to issue public warnings.

Based on this analysis, my determination is: **True**  
Airline ticket giveaway scams are real and have been widely reported. Consumers should be cautious of unsolicited offers for free airline tickets.",gpt-4.1,0.0,2,468,10,Airline Ticket Giveaway Scam,0
,"Claim: We have the highest (corporate tax rates) in the world right now.

Analysis: Let me think step-by-step.

First, I'll analyze the key financial concepts:  
- The claim is about corporate tax rates, specifically the statutory rate (the rate set by law, not the effective rate after deductions/credits).
- ""We"" refers to the United States.

Next, I'll check the factual accuracy:  
- As of 2024, the U.S. federal corporate tax rate is 21%. Some states add their own corporate taxes, but the combined average is typically cited around 25-27%.
- Before 2018, the U.S. had a federal corporate tax rate of 35%, which was among the highest in the OECD.
- The Tax Cuts and Jobs Act of 2017 lowered the federal rate to 21%, effective 2018.
- Other countries, such as the United Arab Emirates (up to 55% for oil companies), Comoros (50%), and Puerto Rico (37.5%), have higher statutory rates.
- Among major economies and OECD countries, the U.S. is now around the middle or slightly above average, not the highest.

Then, I'll evaluate against financial knowledge:  
- The claim was true prior to 2018, but is no longer accurate.
- Most developed countries have corporate tax rates between 20-30%.

Finally, checking for logical consistency:  
- The claim is outdated and does not reflect current law or global comparisons.

Based on this analysis, my determination is: **False**.","Claim: We have the highest (corporate tax rates) in the world right now.

Analysis: Let me think step-by-step.

First, I'll analyze the key financial concepts:  
- The claim is about corporate tax rates, specifically the statutory rate (the rate set by law, not the effective rate after deductions/credits).
- ""We"" refers to the United States.

Next, I'll check the factual accuracy:  
- As of 2024, the U.S. federal corporate tax rate is 21%. Some states add their own corporate taxes, but the combined average is typically cited around 25-27%.
- Before 2018, the U.S. had a federal corporate tax rate of 35%, which was among the highest in the OECD.
- The Tax Cuts and Jobs Act of 2017 lowered the federal rate to 21%, effective 2018.
- Other countries, such as the United Arab Emirates (up to 55% for oil companies), Comoros (50%), and Puerto Rico (37.5%), have higher statutory rates.
- Among major economies and OECD countries, the U.S. is now around the middle or slightly above average, not the highest.

Then, I'll evaluate against financial knowledge:  
- The claim was true prior to 2018, but is no longer accurate.
- Most developed countries have corporate tax rates between 20-30%.

Finally, checking for logical consistency:  
- The claim is outdated and does not reflect current law or global comparisons.

Based on this analysis, my determination is: **False**.",gpt-4.1,0.0,2,503,11,We have the highest (corporate tax rates) in the world right now.,1
0.0,"Let's proceed step-by-step:

1. **Key financial concepts and entities:**  
   The claim involves ""cheating on income taxes"" (tax evasion or fraud) and being a ""deadbeat citizen"" (implying failure to meet financial or civic obligations). The individual named is Jim Renacci, a public figure and former U.S. Congressman.

2. **Factual accuracy of numbers, dates, or policies:**  
   There have been past news reports that Jim Renacci was audited by the IRS and had disputes over tax payments related to his businesses. However, there is no public record or court finding that he ""cheated"" (committed tax fraud or evasion) on his income taxes. Audits and disputes are not the same as criminal tax evasion.  
   The term ""deadbeat citizen"" is subjective, but if it refers to legal or financial delinquency, there is no evidence that Renacci has been found guilty of such.

3. **Evaluation against financial knowledge:**  
   Tax audits and disputes are common, especially for business owners, and do not equate to tax fraud or cheating unless proven in court. The IRS or courts would have to find intentional wrongdoing for the claim to be accurate.

4. **Logical inconsistencies or misleading implications:**  
   The claim conflates being audited or having tax disputes with criminal tax evasion, which is misleading. There is no public record of Renacci being convicted or found guilty of tax fraud.

5. **Final determination:**  
   Based on available public information, there is no evidence that Jim Renacci ""cheated on his income taxes"" or is a ""deadbeat citizen"" in the legal or financial sense.

**Based on this analysis, my determination is: False.**","Let's proceed step-by-step:

1. **Key financial concepts and entities:**  
   The claim involves ""cheating on income taxes"" (tax evasion or fraud) and being a ""deadbeat citizen"" (implying failure to meet financial or civic obligations). The individual named is Jim Renacci, a public figure and former U.S. Congressman.

2. **Factual accuracy of numbers, dates, or policies:**  
   There have been past news reports that Jim Renacci was audited by the IRS and had disputes over tax payments related to his businesses. However, there is no public record or court finding that he ""cheated"" (committed tax fraud or evasion) on his income taxes. Audits and disputes are not the same as criminal tax evasion.  
   The term ""deadbeat citizen"" is subjective, but if it refers to legal or financial delinquency, there is no evidence that Renacci has been found guilty of such.

3. **Evaluation against financial knowledge:**  
   Tax audits and disputes are common, especially for business owners, and do not equate to tax fraud or cheating unless proven in court. The IRS or courts would have to find intentional wrongdoing for the claim to be accurate.

4. **Logical inconsistencies or misleading implications:**  
   The claim conflates being audited or having tax disputes with criminal tax evasion, which is misleading. There is no public record of Renacci being convicted or found guilty of tax fraud.

5. **Final determination:**  
   Based on available public information, there is no evidence that Jim Renacci ""cheated on his income taxes"" or is a ""deadbeat citizen"" in the legal or financial sense.

**Based on this analysis, my determination is: False.**",gpt-4.1,0.0,2,540,12,Jim Renacci cheated on his income taxes and is a deadbeat citizen.,1
0.0,"Claim: Is it advisable to refrain from receiving a flu vaccination?

Analysis: Let me think step-by-step.

1. First, I'll analyze the key financial concepts:  
The claim does not mention any financial concepts, entities, or terms. It is a health and medical question, not a financial one.

2. Next, I'll check the factual accuracy:  
The claim is about medical advice, specifically regarding flu vaccinations, and does not reference any financial data, numbers, dates, or policies.

3. Then, I'll evaluate against financial knowledge:  
There is no direct connection between receiving a flu vaccination and financial markets, regulations, or economic principles, except in broader public health and economic impact discussions.

4. Finally, checking for logical consistency:  
The claim is not logically related to finance or economics in a way that can be fact-checked from a financial perspective.

Based on this analysis, my determination is: False (This is not a financial claim and cannot be evaluated for financial factual accuracy.)","Claim: Is it advisable to refrain from receiving a flu vaccination?

Analysis: Let me think step-by-step.

1. First, I'll analyze the key financial concepts:  
The claim does not mention any financial concepts, entities, or terms. It is a health and medical question, not a financial one.

2. Next, I'll check the factual accuracy:  
The claim is about medical advice, specifically regarding flu vaccinations, and does not reference any financial data, numbers, dates, or policies.

3. Then, I'll evaluate against financial knowledge:  
There is no direct connection between receiving a flu vaccination and financial markets, regulations, or economic principles, except in broader public health and economic impact discussions.

4. Finally, checking for logical consistency:  
The claim is not logically related to finance or economics in a way that can be fact-checked from a financial perspective.

Based on this analysis, my determination is: False (This is not a financial claim and cannot be evaluated for financial factual accuracy.)",gpt-4.1,0.0,2,380,13,Is it advisable to refrain from receiving a flu vaccination?,0
1.0,"Claim: Is the Trump campaign automatically selecting a ""Recurring Donation"" option that expires in December?

Analysis: Let me think step-by-step.

1. Key financial concepts and entities:  
- ""Recurring Donation"" refers to a payment setup where a donor is charged repeatedly (e.g., weekly, monthly) until the arrangement is canceled or expires.  
- The Trump campaign refers to the political fundraising operations for Donald J. Trump, particularly for the 2024 election cycle.

2. Factual accuracy of specifics:  
- There have been multiple reports and investigations (notably by The New York Times and other outlets) that, during the 2020 campaign, the Trump campaign pre-selected recurring donation checkboxes on its online donation forms.  
- In 2023 and 2024, the Trump campaign's WinRed donation platform has continued to use pre-checked boxes for recurring donations, though the frequency and duration may vary.  
- The ""expires in December"" part refers to the practice of setting the recurring donation to automatically end at a specified date, often the end of the year (December).

3. Evaluation against financial knowledge:  
- Political campaigns are allowed to set up recurring donations, but pre-selecting (pre-checking) the option has been controversial and led to complaints and refund requests.  
- The Federal Election Commission (FEC) has issued guidance but has not banned the practice, though it has warned about transparency.

4. Logical consistency:  
- The claim is plausible and consistent with known practices of the Trump campaign and the WinRed platform, especially the use of pre-checked recurring donation boxes that expire at the end of the year.

Based on this analysis, my determination is: **True**.

The Trump campaign has, in recent fundraising efforts, automatically selected a ""Recurring Donation"" option for donors, with the recurring period often set to expire in December (the end of the year). This practice has been documented and reported by multiple reputable sources.","Claim: Is the Trump campaign automatically selecting a ""Recurring Donation"" option that expires in December?

Analysis: Let me think step-by-step.

1. Key financial concepts and entities:  
- ""Recurring Donation"" refers to a payment setup where a donor is charged repeatedly (e.g., weekly, monthly) until the arrangement is canceled or expires.  
- The Trump campaign refers to the political fundraising operations for Donald J. Trump, particularly for the 2024 election cycle.

2. Factual accuracy of specifics:  
- There have been multiple reports and investigations (notably by The New York Times and other outlets) that, during the 2020 campaign, the Trump campaign pre-selected recurring donation checkboxes on its online donation forms.  
- In 2023 and 2024, the Trump campaign's WinRed donation platform has continued to use pre-checked boxes for recurring donations, though the frequency and duration may vary.  
- The ""expires in December"" part refers to the practice of setting the recurring donation to automatically end at a specified date, often the end of the year (December).

3. Evaluation against financial knowledge:  
- Political campaigns are allowed to set up recurring donations, but pre-selecting (pre-checking) the option has been controversial and led to complaints and refund requests.  
- The Federal Election Commission (FEC) has issued guidance but has not banned the practice, though it has warned about transparency.

4. Logical consistency:  
- The claim is plausible and consistent with known practices of the Trump campaign and the WinRed platform, especially the use of pre-checked recurring donation boxes that expire at the end of the year.

Based on this analysis, my determination is: **True**.

The Trump campaign has, in recent fundraising efforts, automatically selected a ""Recurring Donation"" option for donors, with the recurring period often set to expire in December (the end of the year). This practice has been documented and reported by multiple reputable sources.",gpt-4.1,0.0,2,584,14,"Is the Trump campaign automatically selecting a ""Recurring Donation"" option that expires in December?",1
0.0,"Claim: Does Facebook 'Write Off' Your Birthday Donations?

Analysis: Let me think step-by-step.

1. Key financial concepts and entities:  
- ""Write off"" refers to a business deducting an expense from its taxable income.  
- ""Birthday donations"" refers to the feature on Facebook where users can ask friends to donate to a charity for their birthday.  
- The entities involved are Facebook (now Meta), the user, and the charity.

2. Factual accuracy:  
- Facebook facilitates birthday donations by allowing users to select a nonprofit, and friends can donate money directly through the platform.  
- In the U.S., Facebook uses a third-party payment processor (such as PayPal Giving Fund or Network for Good) to process these donations.  
- 100% of donations (in most cases) go to the charity, and donors receive a receipt for tax purposes.

3. Evaluation against financial knowledge:  
- For a company to ""write off"" a donation, it must be the entity making the donation.  
- In the case of Facebook birthday donations, the money comes from individual donors, not from Facebook itself.  
- Facebook is merely the platform facilitating the transaction; it is not the donor.

4. Logical consistency:  
- If Facebook is not the donor, it cannot claim a tax deduction for the donation.  
- The tax deduction, if any, goes to the individual who made the donation, not to Facebook.

5. Final determination:  
Based on this analysis, my determination is: **False**.

**Facebook does not ""write off"" your birthday donations. The tax deduction goes to the individual donor, not to Facebook. Facebook acts only as a facilitator and does not claim your donation as a tax-deductible expense.**","Claim: Does Facebook 'Write Off' Your Birthday Donations?

Analysis: Let me think step-by-step.

1. Key financial concepts and entities:  
- ""Write off"" refers to a business deducting an expense from its taxable income.  
- ""Birthday donations"" refers to the feature on Facebook where users can ask friends to donate to a charity for their birthday.  
- The entities involved are Facebook (now Meta), the user, and the charity.

2. Factual accuracy:  
- Facebook facilitates birthday donations by allowing users to select a nonprofit, and friends can donate money directly through the platform.  
- In the U.S., Facebook uses a third-party payment processor (such as PayPal Giving Fund or Network for Good) to process these donations.  
- 100% of donations (in most cases) go to the charity, and donors receive a receipt for tax purposes.

3. Evaluation against financial knowledge:  
- For a company to ""write off"" a donation, it must be the entity making the donation.  
- In the case of Facebook birthday donations, the money comes from individual donors, not from Facebook itself.  
- Facebook is merely the platform facilitating the transaction; it is not the donor.

4. Logical consistency:  
- If Facebook is not the donor, it cannot claim a tax deduction for the donation.  
- The tax deduction, if any, goes to the individual who made the donation, not to Facebook.

5. Final determination:  
Based on this analysis, my determination is: **False**.

**Facebook does not ""write off"" your birthday donations. The tax deduction goes to the individual donor, not to Facebook. Facebook acts only as a facilitator and does not claim your donation as a tax-deductible expense.**",gpt-4.1,0.0,2,537,15,Does Facebook 'Write Off' Your Birthday Donations?,0
0.0,"First, I'll analyze the key financial concepts:  
The claim refers to ""Georgia's middle class income"" and asserts a drop of $6,500 over the last 10 years. The key concepts are ""middle class income,"" ""Georgia"" (the U.S. state), and the time frame of 10 years.

Next, I'll check the factual accuracy:  
To verify, I need to look at median household income data for Georgia from 2013 to 2023. According to U.S. Census Bureau data, Georgia's median household income in 2013 was approximately $47,000. By 2022 (the latest available data), it had risen to about $71,000. Even accounting for inflation, the nominal income has increased, not decreased.

Then, I'll evaluate against financial knowledge:  
Generally, across the U.S., median incomes have risen in nominal terms over the past decade, though real (inflation-adjusted) gains have been more modest. There is no evidence of a $6,500 drop in Georgia's middle class income in either nominal or real terms.

Finally, checking for logical consistency:  
A $6,500 drop would be a significant decline, which would likely be widely reported. Instead, the data shows an increase.

Based on this analysis, my determination is: **False**","First, I'll analyze the key financial concepts:  
The claim refers to ""Georgia's middle class income"" and asserts a drop of $6,500 over the last 10 years. The key concepts are ""middle class income,"" ""Georgia"" (the U.S. state), and the time frame of 10 years.

Next, I'll check the factual accuracy:  
To verify, I need to look at median household income data for Georgia from 2013 to 2023. According to U.S. Census Bureau data, Georgia's median household income in 2013 was approximately $47,000. By 2022 (the latest available data), it had risen to about $71,000. Even accounting for inflation, the nominal income has increased, not decreased.

Then, I'll evaluate against financial knowledge:  
Generally, across the U.S., median incomes have risen in nominal terms over the past decade, though real (inflation-adjusted) gains have been more modest. There is no evidence of a $6,500 drop in Georgia's middle class income in either nominal or real terms.

Finally, checking for logical consistency:  
A $6,500 drop would be a significant decline, which would likely be widely reported. Instead, the data shows an increase.

Based on this analysis, my determination is: **False**",gpt-4.1,0.0,2,457,16,"In the last 10 years, Georgias middle class income has dropped $6,500.",1
0.0,"Certainly! Let's proceed step-by-step:

Claim: Judge David Kithil's opinion on the Affordable Care Act

Step 1: Analyze the key financial concepts and entities mentioned in the claim  
- The Affordable Care Act (ACA), also known as Obamacare, is a significant piece of U.S. health care legislation with major financial and economic implications.
- Judge David Kithil is referenced as having an ""opinion"" on the ACA.

Step 2: Consider the factual accuracy of any specific numbers, dates, or policies mentioned  
- The claim does not specify a particular opinion, number, or date, but refers generally to Judge David Kithil's opinion on the ACA.

Step 3: Evaluate the claim against financial knowledge  
- There is a widely circulated email and social media post attributed to ""Judge David Kithil"" criticizing the ACA, listing supposed negative provisions and consequences.
- However, Judge David Kithil was a county judge in Texas, not a federal judge, and his ""opinion"" was a personal letter to a local newspaper, not a legal ruling or expert financial analysis.
- Many of the points in the viral letter are factually inaccurate or misleading regarding the ACA's actual provisions and financial impact.

Step 4: Check for any logical inconsistencies or misleading implications  
- The implication that Judge Kithil's opinion is an authoritative legal or financial analysis is misleading.
- The content of the viral letter contains several inaccuracies about the ACA.

Step 5: Make your final determination  
Based on this analysis, my determination is: **False**.

Judge David Kithil's ""opinion"" on the Affordable Care Act, as widely circulated, is not an authoritative or factually accurate financial analysis of the law. The letter contains several inaccuracies and should not be relied upon for factual information about the ACA.","Certainly! Let's proceed step-by-step:

Claim: Judge David Kithil's opinion on the Affordable Care Act

Step 1: Analyze the key financial concepts and entities mentioned in the claim  
- The Affordable Care Act (ACA), also known as Obamacare, is a significant piece of U.S. health care legislation with major financial and economic implications.
- Judge David Kithil is referenced as having an ""opinion"" on the ACA.

Step 2: Consider the factual accuracy of any specific numbers, dates, or policies mentioned  
- The claim does not specify a particular opinion, number, or date, but refers generally to Judge David Kithil's opinion on the ACA.

Step 3: Evaluate the claim against financial knowledge  
- There is a widely circulated email and social media post attributed to ""Judge David Kithil"" criticizing the ACA, listing supposed negative provisions and consequences.
- However, Judge David Kithil was a county judge in Texas, not a federal judge, and his ""opinion"" was a personal letter to a local newspaper, not a legal ruling or expert financial analysis.
- Many of the points in the viral letter are factually inaccurate or misleading regarding the ACA's actual provisions and financial impact.

Step 4: Check for any logical inconsistencies or misleading implications  
- The implication that Judge Kithil's opinion is an authoritative legal or financial analysis is misleading.
- The content of the viral letter contains several inaccuracies about the ACA.

Step 5: Make your final determination  
Based on this analysis, my determination is: **False**.

Judge David Kithil's ""opinion"" on the Affordable Care Act, as widely circulated, is not an authoritative or factually accurate financial analysis of the law. The letter contains several inaccuracies and should not be relied upon for factual information about the ACA.",gpt-4.1,0.0,2,553,17,Judge David Kithil's opinion on the Affordable Care Act,0
0.0,"Claim: It is estimated that as many as 300,000 auto workers may be out of a job before the end of the year.

Step-by-step analysis:

1. Key financial concepts and entities:
   - The claim concerns auto workers (employees in the automotive manufacturing sector).
   - The timeframe is ""before the end of the year.""
   - The number cited is ""as many as 300,000"" potentially losing their jobs.

2. Factual accuracy of numbers, dates, or policies:
   - The U.S. auto manufacturing sector employs roughly 1 million people directly, with several million more in related industries (parts, dealerships, etc.).
   - In 2023, the UAW strike and ongoing industry shifts (EV transition, automation) have led to concerns about job losses, but actual layoffs have been far lower.
   - During the 2023 UAW strike, estimates of potential job losses (including ripple effects) ranged from tens of thousands to, in some worst-case scenarios, over 100,000 if a prolonged strike occurred. However, 300,000 is at the extreme high end and not widely cited by credible sources.

3. Evaluation against financial knowledge:
   - Mass layoffs of 300,000 in a single year would represent a catastrophic event for the auto industry, likely requiring a major recession, collapse in demand, or a massive, industry-wide shutdown.
   - No major automaker has announced layoffs on this scale, and even with the EV transition, job losses are expected to be more gradual over several years, not in a single year.

4. Logical consistency:
   - The claim uses the phrase ""as many as,"" which can be used to exaggerate or cite worst-case scenarios.
   - There is no evidence from industry reports, government data, or credible news sources supporting a figure of 300,000 auto workers losing their jobs in 2023 or 2024.

Based on this analysis, my determination is: **False**.

The claim significantly overstates the likely number of auto worker job losses in the near term, and there is no credible evidence to support the figure of 300,000 by the end of the year.","Claim: It is estimated that as many as 300,000 auto workers may be out of a job before the end of the year.

Step-by-step analysis:

1. Key financial concepts and entities:
   - The claim concerns auto workers (employees in the automotive manufacturing sector).
   - The timeframe is ""before the end of the year.""
   - The number cited is ""as many as 300,000"" potentially losing their jobs.

2. Factual accuracy of numbers, dates, or policies:
   - The U.S. auto manufacturing sector employs roughly 1 million people directly, with several million more in related industries (parts, dealerships, etc.).
   - In 2023, the UAW strike and ongoing industry shifts (EV transition, automation) have led to concerns about job losses, but actual layoffs have been far lower.
   - During the 2023 UAW strike, estimates of potential job losses (including ripple effects) ranged from tens of thousands to, in some worst-case scenarios, over 100,000 if a prolonged strike occurred. However, 300,000 is at the extreme high end and not widely cited by credible sources.

3. Evaluation against financial knowledge:
   - Mass layoffs of 300,000 in a single year would represent a catastrophic event for the auto industry, likely requiring a major recession, collapse in demand, or a massive, industry-wide shutdown.
   - No major automaker has announced layoffs on this scale, and even with the EV transition, job losses are expected to be more gradual over several years, not in a single year.

4. Logical consistency:
   - The claim uses the phrase ""as many as,"" which can be used to exaggerate or cite worst-case scenarios.
   - There is no evidence from industry reports, government data, or credible news sources supporting a figure of 300,000 auto workers losing their jobs in 2023 or 2024.

Based on this analysis, my determination is: **False**.

The claim significantly overstates the likely number of auto worker job losses in the near term, and there is no credible evidence to support the figure of 300,000 by the end of the year.",gpt-4.1,0.0,2,638,18,"It is estimated that as many as 300,000 auto workers may be out of a job before the end of the year.",0
1.0,"Claim: Says he cut taxes by more than $600 million when he was governor.

Analysis: Let me think step-by-step.

First, I'll analyze the key financial concepts:  
- The claim involves tax cuts, specifically a reduction in state taxes totaling more than $600 million, during the tenure of a governor. The key entities are the governor in question and the state government.

Next, I'll check the factual accuracy:  
- To verify, I need to know which governor is being referenced. This claim has been made by several politicians, but most notably by Asa Hutchinson, former governor of Arkansas. During his tenure (2015-2023), Hutchinson frequently cited tax cuts as a major achievement.
- According to public records and news reports, Arkansas enacted several rounds of tax cuts under Hutchinson, including reductions in income tax rates and other measures.
- In 2019, Hutchinson signed a law that cut the top individual income tax rate, and in 2021, further tax cuts were enacted. Cumulatively, these were often cited as totaling over $600 million.

Then, I'll evaluate against financial knowledge:  
- State tax cuts are typically measured over a multi-year period, often as a projected reduction in revenue over several years, not as an immediate one-year cut.
- The $600 million figure is consistent with the cumulative, multi-year impact of the tax cuts passed during Hutchinson's administration, according to state budget documents and independent analyses.

Finally, checking for logical consistency:  
- The claim does not specify the time frame, but it is common for politicians to cite the total projected impact of tax cuts over several years.
- There is no indication of misleading implications, as the figure is in line with public records.

Based on this analysis, my determination is: **True**.  
The claim that he cut taxes by more than $600 million as governor is supported by public records and is factually accurate when considering the cumulative, multi-year impact of the tax cuts enacted during his tenure.","Claim: Says he cut taxes by more than $600 million when he was governor.

Analysis: Let me think step-by-step.

First, I'll analyze the key financial concepts:  
- The claim involves tax cuts, specifically a reduction in state taxes totaling more than $600 million, during the tenure of a governor. The key entities are the governor in question and the state government.

Next, I'll check the factual accuracy:  
- To verify, I need to know which governor is being referenced. This claim has been made by several politicians, but most notably by Asa Hutchinson, former governor of Arkansas. During his tenure (2015-2023), Hutchinson frequently cited tax cuts as a major achievement.
- According to public records and news reports, Arkansas enacted several rounds of tax cuts under Hutchinson, including reductions in income tax rates and other measures.
- In 2019, Hutchinson signed a law that cut the top individual income tax rate, and in 2021, further tax cuts were enacted. Cumulatively, these were often cited as totaling over $600 million.

Then, I'll evaluate against financial knowledge:  
- State tax cuts are typically measured over a multi-year period, often as a projected reduction in revenue over several years, not as an immediate one-year cut.
- The $600 million figure is consistent with the cumulative, multi-year impact of the tax cuts passed during Hutchinson's administration, according to state budget documents and independent analyses.

Finally, checking for logical consistency:  
- The claim does not specify the time frame, but it is common for politicians to cite the total projected impact of tax cuts over several years.
- There is no indication of misleading implications, as the figure is in line with public records.

Based on this analysis, my determination is: **True**.  
The claim that he cut taxes by more than $600 million as governor is supported by public records and is factually accurate when considering the cumulative, multi-year impact of the tax cuts enacted during his tenure.",gpt-4.1,0.0,2,592,19,Says he cut taxes by more than $600 million when he wasgovernor.,1
